Model,Tracker,Sequence,HOTA,MOTA,IDF1,IDSW,AssA,DetA,Avg_Inference_Time,FPS,Status,Error
yolov8m.pt,ByteTrack,MOT17-02-FRCNN,26.951,0.17458694365211774,0.2433081208388061,24.0,46.067,15.778,42.1854,14.2229,ok,
yolov8m.pt,ByteTrack,MOT17-04-FRCNN,35.579,0.26185419601741067,0.3808744484556759,49.0,50.704,25.074,115.0085,9.1298,ok,
yolov8m.pt,BoT-SORT,MOT17-02-FRCNN,25.24,0.1726494806522792,0.22507225433526012,27.0,39.662,16.088,48.7637,12.3042,ok,
yolov8m.pt,BoT-SORT,MOT17-04-FRCNN,35.003,0.2662068675484156,0.3694819043343008,48.0,48.656,25.286,125.7558,8.3495,ok,
yolov8m.pt,Deep_OC-SORT,MOT17-02-FRCNN,26.794,0.20241106506646575,0.27151909875022,32.0,39.365,18.276,53.3418,11.2482,ok,
yolov8m.pt,Deep_OC-SORT,MOT17-04-FRCNN,37.01,0.2924700885253485,0.40584638422661756,54.0,49.487,27.805,141.0777,7.4427,ok,
yolov8m.pt,Hybrid-SORT,MOT17-02-FRCNN,29.853,0.22479952639793338,0.30030880082346884,78.0,43.624,20.577,51.1846,11.7223,ok,
yolov8m.pt,Hybrid-SORT,MOT17-04-FRCNN,39.461,0.3341043379523519,0.4475685502196637,110.0,50.223,31.112,141.9692,7.3960,ok,
yolov8m.pt,BoostTrack++,MOT17-02-FRCNN,27.899,0.19433830256713847,0.2690518783542039,28.0,44.569,17.485,45.2511,13.2594,ok,
yolov8m.pt,BoostTrack++,MOT17-04-FRCNN,35.819,0.27760371764409025,0.39485225853955247,57.0,49.85,25.805,121.7080,8.6272,ok,
yolov8m.pt,TrackTrack,MOT17-02-FRCNN,24.635,0.17786986706851085,0.22534957149300858,30.0,37.103,16.395,49.2323,12.1871,ok,
yolov8m.pt,TrackTrack,MOT17-04-FRCNN,36.551,0.27106419664823267,0.39065097838598284,42.0,52.336,25.602,129.1561,8.1297,ok,
yolov10m.pt,ByteTrack,MOT17-02-FRCNN,26.77,0.1650072654862494,0.23144365389029148,18.0,49.068,14.607,44.8438,13.3798,ok,
yolov10m.pt,ByteTrack,MOT17-04-FRCNN,27.192,0.1408835712933953,0.25151335524779506,12.0,53.565,13.81,78.4018,13.3926,ok,
yolov10m.pt,BoT-SORT,MOT17-02-FRCNN,28.063,0.16360798665303267,0.24319985321774232,22.0,52.966,14.875,52.6755,11.3905,ok,
yolov10m.pt,BoT-SORT,MOT17-04-FRCNN,27.281,0.1414723384570095,0.2490990910231816,8.0,53.376,13.951,96.1580,10.9195,ok,
yolov10m.pt,Deep_OC-SORT,MOT17-02-FRCNN,24.166,0.18933318981755556,0.24039364795347798,28.0,34.491,16.951,56.5607,10.6081,ok,
yolov10m.pt,Deep_OC-SORT,MOT17-04-FRCNN,30.571,0.16683138128982064,0.28414401484256036,18.0,57.317,16.343,107.0191,9.8113,ok,
yolov10m.pt,Hybrid-SORT,MOT17-02-FRCNN,26.741,0.19875141273343738,0.2561283744846846,51.0,39.821,18.021,47.2337,12.7028,ok,
yolov10m.pt,Hybrid-SORT,MOT17-04-FRCNN,30.762,0.18453645099564733,0.2927217104239764,12.0,53.677,17.685,92.1198,11.3982,ok,
yolov10m.pt,BoostTrack++,MOT17-02-FRCNN,27.881,0.18438189548463485,0.2661246612466125,37.0,46.888,16.598,43.9549,13.6503,ok,
yolov10m.pt,BoostTrack++,MOT17-04-FRCNN,27.127,0.13884391361944615,0.24172101906237614,26.0,54.283,13.583,78.6121,13.3567,ok,
yolov10m.pt,TrackTrack,MOT17-02-FRCNN,25.761,0.16167052365319412,0.21809830041341297,21.0,45.006,14.763,52.3070,11.4707,ok,
yolov10m.pt,TrackTrack,MOT17-04-FRCNN,27.034,0.14748617448535442,0.24187307191640364,26.0,50.917,14.363,97.7877,10.7375,ok,
yolov11m.pt,ByteTrack,MOT17-02-FRCNN,25.246,0.1862655400678112,0.23671931083991385,26.0,38.578,16.543,48.0640,12.4834,ok,
yolov11m.pt,ByteTrack,MOT17-04-FRCNN,31.259,0.17501103938431778,0.28463782207097715,4.0,57.384,17.074,89.7377,11.7008,ok,
yolov11m.pt,BoT-SORT,MOT17-02-FRCNN,26.866,0.1847586244012701,0.24909213180901144,25.0,43.109,16.764,52.1451,11.5063,ok,
yolov11m.pt,BoT-SORT,MOT17-04-FRCNN,30.444,0.17850158756860188,0.2773342589378688,22.0,53.92,17.223,100.1021,10.4893,ok,
yolov11m.pt,Deep_OC-SORT,MOT17-02-FRCNN,26.648,0.21893331898175555,0.27470613844144537,41.0,36.734,19.353,56.1789,10.6802,ok,
yolov11m.pt,Deep_OC-SORT,MOT17-04-FRCNN,33.533,0.20226254810017452,0.334655681009053,6.0,57.829,19.503,112.0504,9.3708,ok,
yolov11m.pt,Hybrid-SORT,MOT17-02-FRCNN,27.161,0.23184973898067918,0.2856162621151042,105.0,35.677,20.77,52.6285,11.4007,ok,
yolov11m.pt,Hybrid-SORT,MOT17-04-FRCNN,34.137,0.21891624787097588,0.3473318915656591,37.0,56.866,20.529,102.8411,10.2099,ok,
yolov11m.pt,BoostTrack++,MOT17-02-FRCNN,25.944,0.19912814165007264,0.24744567884709767,42.0,37.997,17.746,47.5825,12.6097,ok,
yolov11m.pt,BoostTrack++,MOT17-04-FRCNN,27.032,0.17747124503227707,0.25626624339362647,30.0,43.293,16.895,89.7131,11.7040,ok,
yolov11m.pt,TrackTrack,MOT17-02-FRCNN,27.053,0.1871804531510683,0.2535047252205849,36.0,43.293,16.933,52.1567,11.5038,ok,
yolov11m.pt,TrackTrack,MOT17-04-FRCNN,30.642,0.1828963138970078,0.28843622254555534,17.0,53.934,17.446,102.4850,10.2454,ok,
yolov26m.pt,ByteTrack,MOT17-02-FRCNN,25.426,0.19789031806684249,0.2583081570996979,40.0,36.816,17.591,50.4456,11.8940,ok,
yolov26m.pt,ByteTrack,MOT17-04-FRCNN,32.559,0.17477973799861218,0.3070763791400198,2.0,61.602,17.232,90.1630,11.6456,ok,
yolov26m.pt,BoT-SORT,MOT17-02-FRCNN,24.712,0.1978364996501803,0.24069225648990458,24.0,34.122,17.933,52.7371,11.3772,ok,
yolov26m.pt,BoT-SORT,MOT17-04-FRCNN,32.724,0.17648295729335323,0.30722839367103966,5.0,61.721,17.369,101.3037,10.3649,ok,
yolov26m.pt,Deep_OC-SORT,MOT17-02-FRCNN,26.707,0.22630644206447445,0.2887232382768484,42.0,36.307,19.709,56.7427,10.5741,ok,
yolov26m.pt,Deep_OC-SORT,MOT17-04-FRCNN,33.747,0.19393569821477386,0.33480911351019993,4.0,60.11,18.975,107.7575,9.7441,ok,
yolov26m.pt,Hybrid-SORT,MOT17-02-FRCNN,26.817,0.2380388568968301,0.28403019251971845,100.0,33.791,21.495,54.3850,11.0325,ok,
yolov26m.pt,Hybrid-SORT,MOT17-04-FRCNN,32.832,0.2177387135437475,0.32316909894229484,44.0,52.276,20.666,103.2179,10.1727,ok,
yolov26m.pt,BoostTrack++,MOT17-02-FRCNN,25.039,0.20440234648296648,0.23575795162576416,57.0,34.969,17.983,46.8458,12.8080,ok,
yolov26m.pt,BoostTrack++,MOT17-04-FRCNN,29.81,0.17177281998443972,0.2762857092996876,23.0,52.798,16.856,89.6918,11.7068,ok,
yolov26m.pt,TrackTrack,MOT17-02-FRCNN,25.254,0.2043485280663043,0.24823508648076245,50.0,34.867,18.364,54.0738,11.0959,ok,
yolov26m.pt,TrackTrack,MOT17-04-FRCNN,31.335,0.18119309460226676,0.28796046720575025,20.0,55.634,17.675,102.6495,10.2290,ok,
rt-detr-l.pt,ByteTrack,MOT17-02-FRCNN,24.279,0.21640385339863302,0.2514798050139276,48.0,31.127,19.041,61.6298,9.7356,ok,
rt-detr-l.pt,ByteTrack,MOT17-04-FRCNN,32.254,0.2021363837079715,0.32212642212132037,19.0,54.368,19.203,106.0096,9.9048,ok,
rt-detr-l.pt,BoT-SORT,MOT17-02-FRCNN,26.489,0.21904095581507993,0.2805705340059141,45.0,36.643,19.251,63.2894,9.4803,ok,
rt-detr-l.pt,BoT-SORT,MOT17-04-FRCNN,31.881,0.192863300881048,0.3313440536589561,10.0,56.063,18.179,112.3751,9.3437,ok,
rt-detr-l.pt,Deep_OC-SORT,MOT17-02-FRCNN,26.117,0.24029923039664172,0.2952175931788443,85.0,32.54,21.144,66.3590,9.0417,ok,
rt-detr-l.pt,Deep_OC-SORT,MOT17-04-FRCNN,34.767,0.2476186470971676,0.35303701772679874,31.0,52.088,23.302,131.6758,7.9741,ok,
rt-detr-l.pt,Hybrid-SORT,MOT17-02-FRCNN,26.254,0.25030945589580755,0.29890396447052114,161.0,29.773,23.52,66.2223,9.0604,ok,
rt-detr-l.pt,Hybrid-SORT,MOT17-04-FRCNN,36.448,0.2751645393948315,0.39055042952593066,43.0,52.796,25.257,129.4885,8.1088,ok,
rt-detr-l.pt,BoostTrack++,MOT17-02-FRCNN,24.764,0.2277057208976912,0.2608393128941074,55.0,31.366,19.684,56.1484,10.6860,ok,
rt-detr-l.pt,BoostTrack++,MOT17-04-FRCNN,29.882,0.2258763168408436,0.3166540943759953,30.0,42.707,20.975,112.3802,9.3433,ok,
rt-detr-l.pt,TrackTrack,MOT17-02-FRCNN,28.597,0.22361552123136538,0.29045643153526973,56.0,41.588,19.785,64.2994,9.3313,ok,
rt-detr-l.pt,TrackTrack,MOT17-04-FRCNN,32.91,0.2043442605715247,0.3355588400183477,30.0,56.39,19.259,118.2942,8.8762,ok,
